https://example.com/tools/alexa-rank-checker.html,https://example.com/light-seo-tools/tools/alexa-rank-checker.html,301,TRUE
https://example.com/tools/alive-url-checker.html,https://example.com/light-seo-tools/tools/alive-url-checker.html,301,TRUE
https://example.com/tools/anchor-text-checker.html,https://example.com/light-seo-tools/tools/anchor-text-checker.html,301,TRUE
https://example.com/tools/article-scraper.html,https://example.com/light-seo-tools/tools/article-scraper.html,301,TRUE
https://example.com/tools/bandwidth-meter.html,https://example.com/light-seo-tools/tools/bandwidth-meter.html,301,TRUE
https://example.com/tools/bing-image-grabber.html,https://example.com/light-seo-tools/tools/bing-image-grabber.html,301,TRUE
https://example.com/tools/bing-index-checker.html,https://example.com/light-seo-tools/tools/bing-index-checker.html,301,TRUE
https://example.com/tools/bing-meta-scraper.html,https://example.com/light-seo-tools/tools/bing-meta-scraper.html,301,TRUE
https://example.com/tools/bulk-anchor-text-creator.html,https://example.com/light-seo-tools/tools/bulk-anchor-text-creator.html,301,TRUE
https://example.com/tools/bulk-nameserver-extractor.html,https://example.com/light-seo-tools/tools/bulk-nameserver-extractor.html,301,TRUE
https://example.com/tools/check-unregistered-domain.html,https://example.com/light-seo-tools/tools/check-unregistered-domain.html,301,TRUE
https://example.com/tools/dofollow-link-tester.html,https://example.com/light-seo-tools/tools/dofollow-link-tester.html,301,TRUE
https://example.com/tools/domain-resolver-tool.html,https://example.com/light-seo-tools/tools/domain-resolver-tool.html,301,TRUE
https://example.com/tools/duplicate-url-finder.html,https://example.com/light-seo-tools/tools/duplicate-url-finder.html,301,TRUE
https://example.com/tools/duplicate-url-report.html,https://example.com/light-seo-tools/tools/duplicate-url-report.html,301,TRUE
https://example.com/tools/email-generator.html,https://example.com/light-seo-tools/tools/email-generator.html,301,TRUE
https://example.com/tools/extract-url-links.html,https://example.com/light-seo-tools/tools/extract-url-links.html,301,TRUE
https://example.com/tools/google-index-checker.html,https://example.com/light-seo-tools/tools/google-index-checker.html,301,TRUE
https://example.com/tools/legal-page-generator.html,https://example.com/light-seo-tools/tools/legal-page-generator.html,301,TRUE
https://example.com/tools/link-extractor.html,https://example.com/light-seo-tools/tools/link-extractor.html,301,TRUE
https://example.com/tools/mass-url-shortener.html,https://example.com/light-seo-tools/tools/mass-url-shortener.html,301,TRUE
https://example.com/tools/merge-duplicate-links.html,https://example.com/light-seo-tools/tools/merge-duplicate-links.html,301,TRUE
https://example.com/tools/meta-tag-generator.html,https://example.com/light-seo-tools/tools/meta-tag-generator.html,301,TRUE
https://example.com/tools/meta-tag-scraper.html,https://example.com/light-seo-tools/tools/meta-tag-scraper.html,301,TRUE
https://example.com/tools/name-generator.html,https://example.com/light-seo-tools/tools/name-generator.html,301,TRUE
https://example.com/tools/ocr-image-to-text.html,https://example.com/light-seo-tools/tools/ocr-image-to-text.html,301,TRUE
https://example.com/tools/outbound-link-checker.html,https://example.com/light-seo-tools/tools/outbound-link-checker.html,301,TRUE
https://example.com/tools/redirect-checker.html,https://example.com/light-seo-tools/tools/redirect-checker.html,301,TRUE
https://example.com/tools/remove-duplicate-entries.html,https://example.com/light-seo-tools/tools/remove-duplicate-entries.html,301,TRUE
https://example.com/tools/robots-txt-checker-generator.html,https://example.com/light-seo-tools/tools/robots-txt-checker-generator.html,301,TRUE
https://example.com/tools/sitemap-scraper.html,https://example.com/light-seo-tools/tools/sitemap-scraper.html,301,TRUE
https://example.com/tools/social-account-scraper.html,https://example.com/light-seo-tools/tools/social-account-scraper.html,301,TRUE
https://example.com/tools/sort-text-files.html,https://example.com/light-seo-tools/tools/sort-text-files.html,301,TRUE
https://example.com/tools/split-text-file.html,https://example.com/light-seo-tools/tools/split-text-file.html,301,TRUE
https://example.com/tools/tdname-scrapper.html,https://example.com/light-seo-tools/tools/tdname-scrapper.html,301,TRUE
https://example.com/tools/tools-overview.html,https://example.com/light-seo-tools/tools/tools-overview.html,301,TRUE
https://example.com/tools/trim-url-to-domain.html,https://example.com/light-seo-tools/tools/trim-url-to-domain.html,301,TRUE
https://example.com/tools/trim-url-to-first-folder.html,https://example.com/light-seo-tools/tools/trim-url-to-first-folder.html,301,TRUE
https://example.com/tools/trim-url-to-root.html,https://example.com/light-seo-tools/tools/trim-url-to-root.html,301,TRUE
https://example.com/tools/vanity-name-checker.html,https://example.com/light-seo-tools/tools/vanity-name-checker.html,301,TRUE
https://example.com/tools/whois-scraper.html,https://example.com/light-seo-tools/tools/whois-scraper.html,301,TRUE
https://example.com/,https://example.com/light-seo-tools/,301,TRUE
https://example.com/about/,https://example.com/light-seo-tools/about/,301,TRUE
https://example.com/contact.html,https://example.com/light-seo-tools/contact.html,301,TRUE
https://example.com/request.html,https://example.com/light-seo-tools/request.html,301,TRUE
https://example.com/legal.html,https://example.com/light-seo-tools/legal.html,301,TRUE
https://example.com/terms.html,https://example.com/light-seo-tools/terms.html,301,TRUE
https://example.com/privacy-policy.html,https://example.com/light-seo-tools/privacy-policy.html,301,TRUE
https://example.com/disclosure.html,https://example.com/light-seo-tools/disclosure.html,301,TRUE
https://example.com/admin.html,https://example.com/light-seo-tools/admin.html,301,TRUE
https://example.com/login.html,https://example.com/light-seo-tools/login.html,301,TRUE
